{"Accepting": [-0.1644277572631836, 0.1466062068939209, -0.05798586085438728], "Ambitious": [-0.22623205184936523, -0.11828295141458511, 0.3132835924625397], "Authentic": [0.28328728675842285, -0.1487392634153366, 0.15058334171772003], "Brave": [0.14985990524291992, -0.13790257275104523, 0.02748449705541134], "Caring": [0.16606855392456055, 0.3077714443206787, -0.27193060517311096], "Challenging": [-0.009872754104435444, -0.2553746700286865, 0.32049140334129333], "Cheerful": [-0.29198622703552246, -0.14639417827129364, -0.001169999479316175], "Collaborative": [-0.15845783054828644, -0.32011833786964417, 0.16690976917743683], "Communicator": [0.2692478597164154, -0.1976965218782425, 0.0015053749084472656], "Creative": [-0.2503860890865326, -0.031001409515738487, 0.31793728470802307], "Curious": [0.30030909180641174, -0.3100983202457428, -0.2372269630432129], "Decisive": [0.19228577613830566, -0.2507213056087494, -0.13120348751544952], "Dedicated": [0.2116963118314743, -0.11351219564676285, -0.03154675289988518], "Detailed": [0.16900873184204102, 0.22525644302368164, 0.025428852066397667], "Determined": [-0.27617383003234863, -0.31496062874794006, 0.24372553825378418], "Enthusiastic": [-0.06053392216563225, 0.0958859920501709, 0.03306245803833008], "Flexible": [-0.15122048556804657, 0.21846835315227509, -0.16200534999370575], "Friendly": [-0.12544576823711395, 0.24601681530475616, -0.05111575126647949], "Funny": [0.2152957171201706, 0.2990995943546295, -0.16718094050884247], "Hard-working": [-0.052588462829589844, 0.010712385177612305, -0.13802099227905273], "Helpful": [-0.24397222697734833, -0.07779232412576675, -0.0645914077758789], "Honest": [-0.25608959794044495, -0.05026698112487793, 0.0823264941573143], "Integrity": [0.21308445930480957, -0.28732290863990784, 0.12219127267599106], "Kind": [-0.3286055028438568, 0.22548802196979523, 0.09714722633361816], "Leader": [0.07827917486429214, -0.15063445270061493, 0.2796243727207184], "Logical": [0.2510247230529785, -0.12630517780780792, -0.018726905807852745], "Loyal": [0.11175131797790527, 0.2408556193113327, 0.2266748696565628], "Motivated": [-0.2789649963378906, -0.18666712939739227, 0.23681791126728058], "Nurturing": [-0.09466838836669922, -0.20578408241271973, -0.013674099929630756], "Open-minded": [-0.20558921992778778, 0.036853790283203125, 0.20157606899738312], "Optimistic": [0.17299611866474152, 0.19139790534973145, 0.2488972395658493], "Persistent": [-0.29724636673927307, -0.23471872508525848, 0.03004852868616581], "Practical": [0.07533550262451172, 0.1818598061800003, 0.27819839119911194], "Problem-solver": [0.007259210105985403, 0.3206275403499603, 0.16868679225444794], "Resilient": [0.054382484406232834, 0.006330569740384817, 0.11578790098428726], "Responsible": [-0.15993507206439972, -0.10357538610696793, 0.22658760845661163], "Self-controlled": [-0.19010408222675323, 0.061960618942976, 0.20296208560466766], "Strong": [0.09421873092651367, 0.18004758656024933, 0.235088512301445], "Supportive": [-0.08794713020324707, -0.2917669713497162, -0.028551897034049034], "Team-player": [0.019059499725699425, 0.2480635643005371, -0.02710946463048458], "Trustworthy": [-0.04845802113413811, -0.3069380819797516, 0.14568503201007843], "Versatile": [-0.02960093878209591, 0.18445539474487305, -0.09143257141113281], "Well-organised": [-0.01787424087524414, 0.00788100529462099, 0.17011165618896484]}